{
  "backend/main.mo": "Motoko actor defining types (Chapter, Task, TimeEntry, WeeklyCheckpoint, SyllabusProgress, MockTest, MotivationalPrompt) and public functions for chapter/task management including addChapter, addTask, completeTask, and getTasks with in-memory Map-based storage.",
  "feature_evidence.json": "Feature evidence report documenting five implemented settings page features (route/navigation, dark theme toggle, font selection, background selection, visual design enhancements) with associated files, components, and test IDs.",
  "frontend-file-summaries.txt": "Pre-existing summaries of frontend files describing React components, pages, hooks, and configuration for the NEET Study Planner application including routing, UI components, and custom hooks for theme/font/background management.",
  "frontend/index.css": "Tailwind CSS configuration with OKLCH color system defining CSS custom properties for light and dark themes, including background, foreground, card, primary, secondary, muted, accent, destructive, border, and chart colors.",
  "frontend/index.html": "HTML entry point for the NEET Study Planner application with root div and module script reference to main.tsx.",
  "frontend/src/App.tsx": "TanStack Router setup defining all application routes (home, timer, tasks, syllabus, analytics, insights, checkpoints, settings) wrapped in Layout component with RouterProvider.",
  "frontend/src/components/CountdownWidget.tsx": "NEET exam countdown widget displaying days/hours/minutes remaining with motivational messages based on time left, includes dialog to set custom exam date persisted in localStorage.",
  "frontend/src/components/Layout.tsx": "Main layout component with sticky header showing app branding, horizontal navigation bar with icons for all routes including Settings, main content Outlet, and footer with caffeine.ai attribution link.",
  "frontend/src/components/TaskCreationForm.tsx": "Form component for creating new tasks with fields for title, subject (physics/chemistry/biology), chapter selection, and duration estimate. Submits task data via useAddTask mutation hook.",
  "frontend/src/components/TaskList.tsx": "Displays a filterable list of tasks for a selected date with checkboxes to mark completion, subject badges, and duration indicators. Uses useGetTasks and useCompleteTask hooks.",
  "frontend/src/components/TodayTasksSummary.tsx": "Dashboard component showing today's task statistics in three cards: completed tasks count, pending tasks count, and total planned study time. Filters tasks by today's date.",
  "frontend/src/hooks/useActor.ts": "React Query hook that creates and manages the backend actor instance based on Internet Identity authentication state. Invalidates dependent queries when actor changes.",
  "frontend/src/hooks/useBackground.ts": "Custom hook for managing app background themes (default, warm cream, soft green, calm blue, gentle wave, animated gradient) with localStorage persistence and dynamic body class application.",
  "frontend/src/hooks/useFont.ts": "Custom hook for managing font family selection (Inter, Roboto, Open Sans, Poppins, Lato) with localStorage persistence and CSS variable updates.",
  "frontend/src/hooks/useInternetIdentity.ts": "Context provider and hook for Internet Identity authentication, managing login/logout flow, identity state, and AuthClient lifecycle with configurable options.",
  "frontend/src/hooks/useQueries.ts": "React Query hooks for task operations: useGetTasks fetches all tasks, useAddTask creates new tasks, and useCompleteTask marks tasks complete. All interact with the backend actor.",
  "frontend/src/hooks/useTheme.ts": "Custom hook for toggling between light and dark themes with localStorage persistence and dynamic CSS class management on document root.",
  "frontend/src/index.css": "Global CSS file that imports Google Fonts, configures Tailwind CSS, and defines CSS custom properties for light/dark theme colors using OKLCH color space with warm academic palette and chart colors.",
  "frontend/src/main.tsx": "Application entry point that sets up React root with QueryClient for data fetching and InternetIdentityProvider for authentication, then renders the main App component.",
  "frontend/src/pages/AnalyticsPage.tsx": "Performance analytics page that displays mock test results with charts (using Recharts), allows adding new test scores via dialog, and calculates statistics like averages, best scores, and weakest subjects.",
  "frontend/src/pages/HomePage.tsx": "Main landing page displaying welcome message, countdown widget, today's tasks summary, and quick access cards to navigate to six main sections (Timer, Tasks, Syllabus, Checkpoints, Analytics, Insights).",
  "frontend/src/pages/InsightsPage.tsx": "Stats and insights page showing study streak, weekly consistency metrics, study time vs performance trend chart, and personalized AI-style suggestions for improving study habits.",
  "frontend/src/pages/SettingsPage.tsx": "Settings page with three customization sections: theme mode toggle (light/dark), font family selector, and background style selector using custom hooks for persistence.",
  "frontend/src/pages/StudyTimerPage.tsx": "Study timer page with start/pause/reset controls, subject and chapter selection dropdowns, real-time timer display, and summary cards showing today's total, weekly total, and subject breakdown statistics.",
  "frontend/src/pages/SyllabusTrackerPage.tsx": "React component for tracking syllabus progress across Physics, Chemistry, and Biology subjects with chapter-level completion tracking (theory, PYQs solved, revision, mastery) and visual progress indicators using color-coded cards and accordions.",
  "frontend/src/pages/TaskManagerPage.tsx": "React component for daily task management featuring a calendar for date selection, task creation form dialog, and task list display with add/cancel functionality.",
  "frontend/src/pages/WeeklyCheckpointPage.tsx": "React component for setting and tracking weekly study goals (chapter completion, tests, revision) with progress bars, week navigation, and dialog-based goal creation form supporting multiple subjects.",
  "frontend/tailwind.config.js": "Tailwind CSS configuration defining custom color scheme using OKLCH color space, typography settings, container queries, animations, and theme extensions for a study planner UI with dark mode support.",
  "project_state.json": "Project metadata documenting a NEET preparation study planner with architectural notes on multi-platform support, three-subject structure, data syncing, theming, and completed features including homepage, study timer, task manager, weekly checkpoints, syllabus tracker, and performance analytics."
}