{
  "kind": "build_request",
  "title": "Add settings page with theme customization, font selection, and live background options",
  "projectName": "NEET Study Planner",
  "priority": "normal",
  "requirements": [
    {
      "id": "REQ-18",
      "text": "Create a settings page route and navigation link accessible from the main header or navigation bar",
      "target": "frontend",
      "source": {
        "messageIds": [
          "msg-5"
        ],
        "quotes": [
          "can you add setting pae"
        ]
      },
      "acceptanceCriteria": [
        "Settings page is accessible via a dedicated route (e.g., /settings)",
        "Navigation link or icon is visible in the main layout header or sidebar",
        "Clicking the settings link navigates to the settings page"
      ]
    },
    {
      "id": "REQ-19",
      "text": "Implement dark theme mode toggle on the settings page that switches between light and dark color schemes using the existing OKLCH color system",
      "target": "frontend",
      "source": {
        "messageIds": [
          "msg-5"
        ],
        "quotes": [
          "add dark theme mode"
        ]
      },
      "acceptanceCriteria": [
        "Toggle switch or button allows users to switch between light and dark themes",
        "Theme preference persists across page reloads using localStorage",
        "Dark theme applies existing dark mode CSS variables from frontend/index.css",
        "Theme change is reflected immediately across all pages without requiring reload"
      ]
    },
    {
      "id": "REQ-20",
      "text": "Add font selection dropdown on the settings page allowing users to choose from multiple font options for the application interface",
      "target": "frontend",
      "source": {
        "messageIds": [
          "msg-5"
        ],
        "quotes": [
          "ad set theme fronts"
        ]
      },
      "acceptanceCriteria": [
        "Dropdown or selector displays at least 3-4 font options (e.g., Inter, Roboto, Open Sans, Poppins)",
        "Selected font is applied to all text elements across the application",
        "Font preference persists across sessions using localStorage",
        "Font changes are applied immediately without page reload"
      ]
    },
    {
      "id": "REQ-21",
      "text": "Implement live background selection on the settings page with options for static colors, gradients, or animated backgrounds",
      "target": "frontend",
      "source": {
        "messageIds": [
          "msg-5"
        ],
        "quotes": [
          "live background"
        ]
      },
      "acceptanceCriteria": [
        "Settings page displays background options with visual previews",
        "Users can select from at least 3-5 background styles (solid colors, gradients, subtle animations)",
        "Selected background is applied to the main layout or body element",
        "Background preference persists using localStorage",
        "Backgrounds are subtle and do not interfere with content readability"
      ]
    },
    {
      "id": "REQ-22",
      "text": "Enhance the settings page visual design to be more attractive with clear sections, preview cards for theme/font/background options, and smooth transitions between changes",
      "target": "frontend",
      "source": {
        "messageIds": [
          "msg-5"
        ],
        "quotes": [
          "make it more attractive"
        ]
      },
      "acceptanceCriteria": [
        "Settings page uses card-based layout with distinct sections for theme, fonts, and backgrounds",
        "Visual previews or icons accompany each option",
        "Smooth CSS transitions when switching themes, fonts, or backgrounds",
        "Page follows the existing warm academic aesthetic with calming colors",
        "Settings are well-organized and easy to navigate"
      ]
    }
  ],
  "constraints": [
    "Use existing OKLCH color system defined in frontend/index.css for dark theme",
    "Do not modify backend files (main.mo, migration.mo) as this is frontend-only functionality",
    "Do not edit read-only paths: frontend/src/hooks/useInternetIdentity.ts, frontend/src/hooks/useActor.ts, frontend/src/main.tsx, frontend/src/components/ui",
    "Persist all settings (theme, font, background) in localStorage to survive page reloads",
    "Ensure background options do not compromise text readability or distract from study content"
  ],
  "nonGoals": [
    "Backend storage of user preferences (localStorage is sufficient)",
    "Account-level settings synchronization across devices",
    "Custom color picker for creating new themes",
    "Video or heavy animated backgrounds",
    "Font upload functionality"
  ],
  "imageRequirements": {
    "required": [],
    "edits": []
  }
}