{
  "kind": "coverage_report",
  "version": "1.0",
  "generatedAt": "2026-02-23T23:23:27.021Z",
  "sources": {
    "buildRequest": true,
    "implementationPlan": true
  },
  "requirements": {
    "total": 5,
    "implemented": 5,
    "items": [
      {
        "id": "REQ-18",
        "summary": "Create a settings page route and navigation link accessible from the main header or navigation bar",
        "status": "implemented",
        "plannedFiles": [
          "frontend/src/pages/SettingsPage.tsx",
          "frontend/src/App.tsx",
          "frontend/src/components/Layout.tsx"
        ],
        "matchedFiles": [
          "frontend/src/pages/SettingsPage.tsx",
          "frontend/src/App.tsx",
          "frontend/src/components/Layout.tsx"
        ]
      },
      {
        "id": "REQ-19",
        "summary": "Implement dark theme mode toggle on the settings page that switches between light and dark color schemes using the existing OKLCH color system",
        "status": "implemented",
        "plannedFiles": [
          "frontend/src/hooks/useTheme.ts",
          "frontend/src/pages/SettingsPage.tsx"
        ],
        "matchedFiles": [
          "frontend/src/hooks/useTheme.ts",
          "frontend/src/pages/SettingsPage.tsx"
        ]
      },
      {
        "id": "REQ-20",
        "summary": "Add font selection dropdown on the settings page allowing users to choose from multiple font options for the application interface",
        "status": "implemented",
        "plannedFiles": [
          "frontend/src/hooks/useFont.ts",
          "frontend/src/pages/SettingsPage.tsx",
          "frontend/index.css"
        ],
        "matchedFiles": [
          "frontend/src/hooks/useFont.ts",
          "frontend/src/pages/SettingsPage.tsx"
        ]
      },
      {
        "id": "REQ-21",
        "summary": "Implement live background selection on the settings page with options for static colors, gradients, or animated backgrounds",
        "status": "implemented",
        "plannedFiles": [
          "frontend/src/hooks/useBackground.ts",
          "frontend/src/pages/SettingsPage.tsx",
          "frontend/index.css"
        ],
        "matchedFiles": [
          "frontend/src/hooks/useBackground.ts",
          "frontend/src/pages/SettingsPage.tsx"
        ]
      },
      {
        "id": "REQ-22",
        "summary": "Enhance the settings page visual design to be more attractive with clear sections, preview cards for theme/font/background options, and smooth transitions between changes",
        "status": "implemented",
        "plannedFiles": [
          "frontend/src/pages/SettingsPage.tsx",
          "frontend/index.css"
        ],
        "matchedFiles": [
          "frontend/src/pages/SettingsPage.tsx"
        ]
      }
    ]
  },
  "changedFiles": [
    "build-request.json",
    "build-template/README.md",
    "feature_evidence.json",
    "frontend-file-summaries.txt",
    "frontend-implementation-plan.json",
    "frontend/src/App.tsx",
    "frontend/src/components/Layout.tsx",
    "frontend/src/hooks/useBackground.ts",
    "frontend/src/hooks/useFont.ts",
    "frontend/src/hooks/useTheme.ts",
    "frontend/src/index.css",
    "frontend/src/pages/SettingsPage.tsx",
    "frontend/tailwind.config.js",
    "project_state.json",
    "scratch/component-selection.json",
    "spec.md",
    "spec_vs_diff_report.json"
  ]
}