{
  "kind": "feature_evidence_report",
  "features": [
    {
      "featureId": "feature-create-a-settings-page-route-and-navigation-link-accessible-from-the-main-header-or-navigation-bar",
      "featureTitle": "Create a settings page route and navigation link accessible from the main header or navigation bar",
      "files": [
        "frontend/src/App.tsx",
        "frontend/src/components/Layout.tsx",
        "frontend/src/pages/SettingsPage.tsx"
      ],
      "components": [
        "core-infrastructure@1.0.2",
        "shadcn-ui@1.0.0",
        "build-template-react@1.0.0",
        "initial-app@1.0.0",
        "github-export-icp-cli@1.0.0"
      ],
      "testIds": [
        "REQ-18"
      ],
      "confidence": "high"
    },
    {
      "featureId": "feature-implement-dark-theme-mode-toggle-on-the-settings-page-that-switches-between-light-and-dark-color-schemes-using-the-existing-oklch-color-system",
      "featureTitle": "Implement dark theme mode toggle on the settings page that switches between light and dark color schemes using the existing OKLCH color system",
      "files": [
        "frontend/src/hooks/useTheme.ts",
        "frontend/src/pages/SettingsPage.tsx"
      ],
      "components": [
        "core-infrastructure@1.0.2",
        "shadcn-ui@1.0.0",
        "build-template-react@1.0.0",
        "initial-app@1.0.0",
        "github-export-icp-cli@1.0.0"
      ],
      "testIds": [
        "REQ-19"
      ],
      "confidence": "high"
    },
    {
      "featureId": "feature-add-font-selection-dropdown-on-the-settings-page-allowing-users-to-choose-from-multiple-font-options-for-the-application-interface",
      "featureTitle": "Add font selection dropdown on the settings page allowing users to choose from multiple font options for the application interface",
      "files": [
        "frontend/src/hooks/useFont.ts",
        "frontend/src/pages/SettingsPage.tsx"
      ],
      "components": [
        "core-infrastructure@1.0.2",
        "shadcn-ui@1.0.0",
        "build-template-react@1.0.0",
        "initial-app@1.0.0",
        "github-export-icp-cli@1.0.0"
      ],
      "testIds": [
        "REQ-20"
      ],
      "confidence": "high"
    },
    {
      "featureId": "feature-implement-live-background-selection-on-the-settings-page-with-options-for-static-colors-gradients-or-animated-backgrounds",
      "featureTitle": "Implement live background selection on the settings page with options for static colors, gradients, or animated backgrounds",
      "files": [
        "frontend/src/hooks/useBackground.ts",
        "frontend/src/pages/SettingsPage.tsx"
      ],
      "components": [
        "core-infrastructure@1.0.2",
        "shadcn-ui@1.0.0",
        "build-template-react@1.0.0",
        "initial-app@1.0.0",
        "github-export-icp-cli@1.0.0"
      ],
      "testIds": [
        "REQ-21"
      ],
      "confidence": "high"
    },
    {
      "featureId": "feature-enhance-the-settings-page-visual-design-to-be-more-attractive-with-clear-sections-preview-cards-for-theme-font-background-options-and-smooth-transitions-between-changes",
      "featureTitle": "Enhance the settings page visual design to be more attractive with clear sections, preview cards for theme/font/background options, and smooth transitions between changes",
      "files": [
        "frontend/src/pages/SettingsPage.tsx"
      ],
      "components": [
        "core-infrastructure@1.0.2",
        "shadcn-ui@1.0.0",
        "build-template-react@1.0.0",
        "initial-app@1.0.0",
        "github-export-icp-cli@1.0.0"
      ],
      "testIds": [
        "REQ-22"
      ],
      "confidence": "high"
    }
  ]
}