{
  "kind": "implementation_plan",
  "version": "1.0",
  "title": "Add settings page with theme customization, font selection, and live background options",
  "requirements": [
    {
      "id": "REQ-18",
      "summary": "Create a settings page route and navigation link accessible from the main header or navigation bar",
      "acceptanceCriteria": [
        "Settings page is accessible via a dedicated route (e.g., /settings)",
        "Navigation link or icon is visible in the main layout header or sidebar",
        "Clicking the settings link navigates to the settings page"
      ],
      "file_operations": [
        {
          "path": "frontend/src/pages/SettingsPage.tsx",
          "operation": "create",
          "description": "Create the settings page component that will host theme, font, and background customization sections. This page serves as the container for all settings controls and uses card-based layout with distinct sections."
        },
        {
          "path": "frontend/src/App.tsx",
          "operation": "modify",
          "description": "Register the /settings route in the TanStack Router configuration alongside existing routes (home, timer, tasks, etc.). Add the settings route as a child of the root route to make it accessible via navigation."
        },
        {
          "path": "frontend/src/components/Layout.tsx",
          "operation": "modify",
          "description": "Add a settings navigation link or icon to the horizontal navigation bar in the header, positioned alongside existing navigation items (dashboard, timer, tasks, etc.). Use a settings gear icon for visual consistency."
        }
      ]
    },
    {
      "id": "REQ-19",
      "summary": "Implement dark theme mode toggle on the settings page that switches between light and dark color schemes using the existing OKLCH color system",
      "acceptanceCriteria": [
        "Toggle switch or button allows users to switch between light and dark themes",
        "Theme preference persists across page reloads using localStorage",
        "Dark theme applies existing dark mode CSS variables from frontend/index.css",
        "Theme change is reflected immediately across all pages without requiring reload"
      ],
      "file_operations": [
        {
          "path": "frontend/src/hooks/useTheme.ts",
          "operation": "create",
          "description": "Create a custom hook that manages theme state (light/dark), reads from and writes to localStorage for persistence, and applies the theme by toggling the 'dark' class on the document root element. This hook leverages the existing OKLCH color variables defined in frontend/index.css."
        },
        {
          "path": "frontend/src/pages/SettingsPage.tsx",
          "operation": "modify",
          "description": "Add a theme toggle section to the settings page using the useTheme hook. Include a switch or toggle button component that displays the current theme and allows users to switch between light and dark modes with immediate visual feedback."
        }
      ]
    },
    {
      "id": "REQ-20",
      "summary": "Add font selection dropdown on the settings page allowing users to choose from multiple font options for the application interface",
      "acceptanceCriteria": [
        "Dropdown or selector displays at least 3-4 font options (e.g., Inter, Roboto, Open Sans, Poppins)",
        "Selected font is applied to all text elements across the application",
        "Font preference persists across sessions using localStorage",
        "Font changes are applied immediately without page reload"
      ],
      "file_operations": [
        {
          "path": "frontend/src/hooks/useFont.ts",
          "operation": "create",
          "description": "Create a custom hook that manages font selection state, persists the selected font to localStorage, and applies the font family by setting a CSS custom property or class on the document root. Support at least 4 font options: Inter, Roboto, Open Sans, and Poppins."
        },
        {
          "path": "frontend/src/pages/SettingsPage.tsx",
          "operation": "modify",
          "description": "Add a font selection section to the settings page using the useFont hook. Include a dropdown or radio group showing font options with preview text, allowing users to select their preferred font family with immediate application across the interface."
        },
        {
          "path": "frontend/index.css",
          "operation": "modify",
          "description": "Add CSS custom property support for dynamic font family switching and include @import or font-face declarations for Roboto, Open Sans, and Poppins (Inter is already configured in tailwind.config.js). Ensure the font switching mechanism works with the existing Tailwind configuration."
        }
      ]
    },
    {
      "id": "REQ-21",
      "summary": "Implement live background selection on the settings page with options for static colors, gradients, or animated backgrounds",
      "acceptanceCriteria": [
        "Settings page displays background options with visual previews",
        "Users can select from at least 3-5 background styles (solid colors, gradients, subtle animations)",
        "Selected background is applied to the main layout or body element",
        "Background preference persists using localStorage",
        "Backgrounds are subtle and do not interfere with content readability"
      ],
      "file_operations": [
        {
          "path": "frontend/src/hooks/useBackground.ts",
          "operation": "create",
          "description": "Create a custom hook that manages background selection state, persists the choice to localStorage, and applies the background style to the body or main layout element. Support at least 5 background options: solid warm colors, subtle gradients, and gentle animated backgrounds that maintain readability."
        },
        {
          "path": "frontend/src/pages/SettingsPage.tsx",
          "operation": "modify",
          "description": "Add a background selection section to the settings page using the useBackground hook. Display visual preview cards for each background option, allowing users to see and select their preferred background style with immediate application."
        },
        {
          "path": "frontend/index.css",
          "operation": "modify",
          "description": "Add CSS classes and keyframe animations for the background options, including subtle gradient transitions and gentle animated backgrounds. Ensure all backgrounds maintain sufficient contrast with foreground content and respect the existing OKLCH color system for consistency."
        }
      ]
    },
    {
      "id": "REQ-22",
      "summary": "Enhance the settings page visual design to be more attractive with clear sections, preview cards for theme/font/background options, and smooth transitions between changes",
      "acceptanceCriteria": [
        "Settings page uses card-based layout with distinct sections for theme, fonts, and backgrounds",
        "Visual previews or icons accompany each option",
        "Smooth CSS transitions when switching themes, fonts, or backgrounds",
        "Page follows the existing warm academic aesthetic with calming colors",
        "Settings are well-organized and easy to navigate"
      ],
      "file_operations": [
        {
          "path": "frontend/src/pages/SettingsPage.tsx",
          "operation": "modify",
          "description": "Enhance the settings page layout with organized card-based sections for theme, font, and background customization. Add visual previews, icons, and descriptive labels for each option. Use shadcn/ui Card components for consistent styling and ensure the page follows the warm academic aesthetic with calming colors from the existing OKLCH palette."
        },
        {
          "path": "frontend/index.css",
          "operation": "modify",
          "description": "Add smooth CSS transitions for theme switches, font changes, and background updates. Include transition properties for color, background, and font-family changes with appropriate duration and easing functions to create polished user experience when settings are changed."
        }
      ]
    }
  ]
}