{
  "kind": "spec_vs_diff_report",
  "version": "1.0",
  "generatedAt": "2026-02-23T23:23:27.018Z",
  "summary": "Implementation successfully adds a comprehensive settings page with theme toggle, font selection, background customization, navigation integration, and localStorage persistence. All five requirements (REQ-18 through REQ-22) are implemented with appropriate visual design, previews, and smooth transitions.",
  "missing_requirements": [],
  "hallucinated_features": [],
  "confidence": 0.95,
  "changed_files": [
    "frontend-file-summaries.txt",
    "frontend/src/App.tsx",
    "frontend/src/components/Layout.tsx",
    "frontend/src/hooks/useBackground.ts",
    "frontend/src/hooks/useFont.ts",
    "frontend/src/hooks/useTheme.ts",
    "frontend/src/index.css",
    "frontend/src/pages/SettingsPage.tsx",
    "frontend/tailwind.config.js",
    "project_state.json"
  ]
}